{
  "diagnostics": {
    "warnings": []
  },
  "monte_carlo": {
    "ci_95_high": 0.8517989324933823,
    "ci_95_low": 0.8376010675066177,
    "iterations": 10000,
    "p_mean": 0.8447,
    "top_event_id": "G_TITAN_TOP"
  }
}